<?xml version="1.0" encoding="UTF-8"?>
<!DOCTYPE mapper
PUBLIC "-//mybatis.org//DTD Mapper 3.0//EN"
"http://mybatis.org/dtd/mybatis-3-mapper.dtd">

<mapper namespace = "MySQL.PostMapper">
	
 	<insert id="create">
	insert into faint.tbl_post
	(userid, cateid, caption)
	values
	(#{userid}, #{cateid}, #{caption})
	</insert>
	
	<insert id="addAttach">
	insert into faint.tbl_attach
	(postid, url)
	values
	(LAST_INSERT_ID(), #{url})
	</insert>
	
	<select id="read" resultType="com.faint.domain.PostVO">
		SELECT *
		FROM
			faint.tbl_post
		WHERE userid=#{userid}
		order by regdate desc
	</select>
	
	<update id="update">
		UPDATE faint.tbl_post
		SET caption=#{caption},
		<!-- regdate=now() 넣을 경우 프로필 피드에서 위치변경됨-->
		WHERE id=#{id}
	</update>
	
	<delete id="delete">
		DELETE
		FROM faint.tbl_post
		WHERE id=#{id}
	</delete>

</mapper>