<?xml version="1.0" encoding="UTF-8"?>
<beans:beans xmlns="http://www.springframework.org/schema/mvc"
	xmlns:xsi="http://www.w3.org/2001/XMLSchema-instance"
	xmlns:beans="http://www.springframework.org/schema/beans"
	xmlns:context="http://www.springframework.org/schema/context"
	xsi:schemaLocation="http://www.springframework.org/schema/mvc http://www.springframework.org/schema/mvc/spring-mvc.xsd
		http://www.springframework.org/schema/beans http://www.springframework.org/schema/beans/spring-beans.xsd
		http://www.springframework.org/schema/context http://www.springframework.org/schema/context/spring-context.xsd">

	<!-- DispatcherServlet Context: defines this servlet's request-processing infrastructure -->
	
	<!-- Enables the Spring MVC @Controller programming model -->
	<annotation-driven />

	<!-- Handles HTTP GET requests for /resources/** by efficiently serving up static resources in the ${webappRoot}/resources directory -->
	<resources mapping="/resources/**" location="/resources/" />

	<!-- Resolves views selected for rendering by @Controllers to .jsp resources in the /WEB-INF/views directory -->
	<beans:bean class="org.springframework.web.servlet.view.InternalResourceViewResolver">
		<beans:property name="prefix" value="/WEB-INF/views/" />
		<beans:property name="suffix" value=".jsp" />
	</beans:bean>

	<!-- 최대 용량설정 -->
	<beans:bean class="org.springframework.web.multipart.commons.CommonsMultipartResolver" id="multipartResolver">
		<beans:property value="10485760" name="maxUploadSize"/>
	</beans:bean>

	<!-- 업로드 패스 설정 -->
	<beans:bean class="java.lang.String" id="uploadPath">
		<beans:constructor-arg value="C:\\zzz\\upload"/>
	</beans:bean>
	
	<context:component-scan base-package="com.faint.controller" />
	
	<!-- auth interceptor : 로그인 안한 유저의 경우 login창으로 이동시킴 -->
 	<beans:bean id="authInterceptor" class="com.faint.interceptor.authInterceptor" />
	
	<!-- 로그인 interceptor bean 생성(session에 uservo저장) -->
 	<beans:bean id="loginInterceptor" class="com.faint.interceptor.loginInterceptor" />
	<interceptors>
		<interceptor>
			<mapping path="/member/loginPost" />
			<beans:ref bean="loginInterceptor" />
		</interceptor>
		
		<interceptor>
			<mapping path="/member/profile_main" />
			<beans:ref bean="authInterceptor" />
		</interceptor>
	</interceptors>
	
</beans:beans>
